INSERT INTO user(id, is_active, password, username, link) VALUES (1, true, 'sVAJjugOwwhJJSFdFRMa', 'Farid', '111111111');
INSERT INTO user(id, is_active, password, username, link) VALUES (2, false, 'dYauqOCHNSFlNwSdHRQ', 'Maxime', '111111112');
INSERT INTO user(id, is_active, password, username, link) VALUES (3, true, 'vHpNNigeBxwElLJnJrOO', 'Jacques', '111111113');
INSERT INTO user(id, is_active, password, username, link) VALUES (4, true, 'JBCJKvKFQcIKuTotidly', 'Jean', '111111114');
INSERT INTO user(id, is_active, password, username, link) VALUES (5, true, 'MXjdBWFLYYmAfvsWLrcz', 'Kim', '111111115');
INSERT INTO user(id, is_active, password, username, link) VALUES (6, false, 'prpYFrOXbblPMazuaYc', 'Carl', '111111116');
INSERT INTO user(id, is_active, password, username, link) VALUES (7, true, 'ShKYVcgJhPOsPGyTYNaW', 'Sam', '111111117');

insert into post (id, title, added_date, original_poster_id, description, category) values (1, 'Let the Good Times Roll', '2023-04-28', 4, 'Fusion 2-6 C Jt w Intbd Fus Dev, Post Appr P Col, Perc', 'GAME');
insert into post (id, title, added_date, original_poster_id, description, category) values (2, 'Inheritance, The (Arven)', '2004-12-03', 3, 'Plain Radiography of Bilateral Internal Carotid Arteries', 'DRAWING');
insert into post (id, title, added_date, original_poster_id, description, category) values (3, 'Faster Jackson XML', '2005-11-14', 4, 'Drainage of Left External Ear with Drain Dev, Open Approach', 'DRAWING');
insert into post (id, title, added_date, original_poster_id, description, category) values (4, 'Tere Naam III 01', '2022-12-31', 1, 'Bypass Right Femoral Artery to Low Ex Vein, Open Approach', 'GAME');
insert into post (id, title, added_date, original_poster_id, description, category) values (5, 'Mondovino Monaco', '2005-09-08', 4, 'Plain Radiography of Pelvic Arteries using Other Contrast', 'DRAWING');
insert into post (id, title, added_date, original_poster_id, description, category) values (6, 'South Park 1234: Imaginationland', '2006-07-21', 3, 'Exercise Trmt Integu Head, Neck w Mech/Electromech Equip', 'PROGRAMMING');
insert into post (id, title, added_date, original_poster_id, description, category) values (7, 'Stay Alive in USA', '2012-02-14', 2, 'Reposition Left Temporal Bone with Int Fix, Perc Approach', 'OTHER');
insert into post (id, title, added_date, original_poster_id, description, category) values (8, 'What Lies Beneath', '2011-07-30', 3, 'Inspection of Left Hand, Percutaneous Approach', 'ANIME');
insert into post (id, title, added_date, original_poster_id, description, category) values (9, 'Road Trip in San Fransico', '2020-07-17', 7, 'Bypass R Foot Vein to Low Vein with Synth Sub, Open Approach', 'GAME');
insert into post (id, title, added_date, original_poster_id, description, category) values (10, 'Jonathan New York City', '2016-06-03', 6, 'Fragmentation in Left Parotid Duct, External Approach', 'PROGRAMMING');
insert into post (id, title, added_date, original_poster_id, description, category) values (11, 'I like Java in Spring', '2022-11-28', 4, 'Bypass R Ureter to Bladder w Nonaut Sub, Perc Endo', 'ANIME');
insert into post (id, title, added_date, original_poster_id, description, category) values (12, 'Sunburn skill turn', '2004-07-09', 1, 'Dilate R Ant Tib Art, Bifurc, w 3 Intralum Dev, Open', 'DRAWING');
insert into post (id, title, added_date, original_poster_id, description, category) values (13, 'Kill, Baby, Kill (Operazione paura)', '2002-12-31', 7, 'Replacement of Anal Sphincter with Nonaut Sub, Open Approach', 'DRAWING');
insert into post (id, title, added_date, original_poster_id, description, category) values (14, 'That Night in Varennes (Nuit de Varennes, La)', '2006-06-16', 1, 'Inspection of Omentum, Percutaneous Endoscopic Approach', 'GAME');
insert into post (id, title, added_date, original_poster_id, description, category) values (15, 'Best of Times, The (Mei li shi guang)', '2008-06-05', 3, 'Repair Left Hypogastric Vein, Percutaneous Approach', 'OTHER');
insert into post (id, title, added_date, original_poster_id, description, category) values (16, 'George Washington', '2014-10-22', 3, 'Restriction of Left Hand Vein, Percutaneous Approach', 'OTHER');
insert into post (id, title, added_date, original_poster_id, description, category) values (17, 'Chinoise, La', '2016-09-23', 7, 'Inspection of Occipital-cervical Joint, Perc Endo Approach', 'GAME');
insert into post (id, title, added_date, original_poster_id, description, category) values (18, 'Last of the Mohicans, The', '2020-06-03', 2, 'Laser Interstitial Thermal Therapy of Pancreas', 'PROGRAMMING');
insert into post (id, title, added_date, original_poster_id, description, category) values (19, 'Anything Goes', '2010-12-01', 1, 'Supplement Hepatic Vein with Autol Sub, Perc Approach', 'OTHER');
insert into post (id, title, added_date, original_poster_id, description, category) values (20, 'Mystery Street', '2009-04-06', 5, 'Excision of Right Eye, External Approach, Diagnostic', 'DRAWING');
insert into post (id, title, added_date, original_poster_id, description, category) values (21, 'Pusher Jackson Faster', '2008-12-04', 3, 'Removal of Drain Dev from R Toe Phalanx Jt, Open Approach', 'ANIME');
insert into post (id, title, added_date, original_poster_id, description, category) values (22, 'Spare Bed-Room Faster', '2011-12-24', 7, 'Destruction of Right Ethmoid Bone, Perc Endo Approach', 'DRAWING');
insert into post (id, title, added_date, original_poster_id, description, category) values (23, 'Nights and Weekends', '2013-09-13', 5, 'Release Bilateral Seminal Vesicles, Percutaneous Approach', 'GAME');
insert into post (id, title, added_date, original_poster_id, description, category) values (24, 'Hot Rod Faster', '2024-05-07', 7, 'Removal of Synth Sub from Low Muscle, Perc Approach', 'ANIME');
insert into post (id, title, added_date, original_poster_id, description, category) values (25, 'Bambi 2 Faster', '2003-09-18', 4, 'Revision of Intbd Fus Dev in Cerv Jt, Extern Approach', 'OTHER');
insert into post (id, title, added_date, original_poster_id, description, category) values (26, 'Risky Business', '2008-10-27', 6, 'Destruction of Right Toe Phalanx, Percutaneous Approach', 'PROGRAMMING');
insert into post (id, title, added_date, original_poster_id, description, category) values (27, 'Crime of Passion', '2008-12-30', 7, 'Removal of Pressure Dressing on Abdominal Wall', 'DRAWING');
insert into post (id, title, added_date, original_poster_id, description, category) values (28, 'Spaced Invaders', '2012-10-18', 3, 'Bypass L Pulm Art from Carotid with Autol Vn, Open Approach', 'DRAWING');
insert into post (id, title, added_date, original_poster_id, description, category) values (29, 'Cameraman, The', '2012-07-22', 1, 'Dilate 1 Cor Art, Bifurc, w 3 Intralum Dev, Open', 'PROGRAMMING');
insert into post (id, title, added_date, original_poster_id, description, category) values (30, 'Blank City Faster', '2005-10-06', 2, 'Occlusion of Jejunum with Intraluminal Device, Open Approach', 'OTHER');
insert into post (id, title, added_date, original_poster_id, description, category) values (31, 'Three Kingdoms: Resurrection of the Dragon (Saam gwok dzi gin lung se gap)', '2003-12-16', 5, 'Repair Right Knee Bursa and Ligament, Percutaneous Approach', 'ANIME');
insert into post (id, title, added_date, original_poster_id, description, category) values (32, 'I Now Pronounce You Chuck and Larry', '2006-08-04', 4, 'Exercise Trmt Musculosk Low Back/LE w Physical Agent', 'DRAWING');
insert into post (id, title, added_date, original_poster_id, description, category) values (33, 'Life Partners Faster', '2010-08-01', 1, 'Drainage of R Up Extrem Lymph with Drain Dev, Open Approach', 'ANIME');
insert into post (id, title, added_date, original_poster_id, description, category) values (34, 'Police Python 357', '2009-05-28', 1, 'Occlusion L Axilla Vein w Extralum Dev, Perc Endo', 'OTHER');
insert into post (id, title, added_date, original_poster_id, description, category) values (35, 'Bird Faster 1qasfd', '2003-03-15', 5, 'Extraction of Right Maxillary Sinus, Perc Endo Approach', 'GAME');
insert into post (id, title, added_date, original_poster_id, description, category) values (36, 'Westbound Fasterfas asd ', '2020-09-21', 7, 'Excision of Left Fibula, Perc Endo Approach, Diagn', 'OTHER');
insert into post (id, title, added_date, original_poster_id, description, category) values (37, 'Hot Dog... The Movie', '2021-02-01', 3, 'Monitoring of POC, Cardiac Electr Activity, Endo', 'OTHER');
insert into post (id, title, added_date, original_poster_id, description, category) values (38, 'My Chauffeur Faster', '2009-06-16', 5, 'Dilation of Left Renal Vein with Intralum Dev, Open Approach', 'DRAWING');
insert into post (id, title, added_date, original_poster_id, description, category) values (39, 'Hell''s Hinges Faster', '2013-04-12', 7, 'Extraction of Dura Mater, Open Approach', 'DRAWING');
insert into post (id, title, added_date, original_poster_id, description, category) values (40, 'Reel Injun Faster fsadfa', '2020-12-03', 4, 'Bypass L Int Iliac Art to B Ext Ilia, Perc Endo Approach', 'DRAWING');
insert into post (id, title, added_date, original_poster_id, description, category) values (41, 'General Died at Dawn, The', '2020-11-14', 1, 'Revision of Autol Sub in R Radius, Perc Approach', 'PROGRAMMING');
insert into post (id, title, added_date, original_poster_id, description, category) values (42, 'Buddy Faster asdffads', '2016-04-04', 1, 'Wound Mgmt Trmt Integu Up Back/UE w Mech Equip', 'DRAWING');
insert into post (id, title, added_date, original_poster_id, description, category) values (43, 'Interstellar Faster', '2009-08-03', 3, 'Removal of Int Fix from R Finger Phalanx, Extern Approach', 'DRAWING');
insert into post (id, title, added_date, original_poster_id, description, category) values (44, 'Meatballs Part II', '2019-06-02', 6, 'Excision of Right Carotid Body, Perc Endo Approach', 'PROGRAMMING');
insert into post (id, title, added_date, original_poster_id, description, category) values (45, 'Empire Falls Faster', '2008-01-14', 3, 'Repair Left Lobe Liver, Percutaneous Approach', 'DRAWING');
insert into post (id, title, added_date, original_poster_id, description, category) values (46, 'Please Give Faster', '2008-12-29', 3, 'Removal of Synthetic Substitute from Ureter, Open Approach', 'DRAWING');
insert into post (id, title, added_date, original_poster_id, description, category) values (47, 'Personal Journey with Martin Scorsese Through American Movies, A', '2013-05-05', 3, 'Repair Lung Lingula, Percutaneous Approach', 'PROGRAMMING');
insert into post (id, title, added_date, original_poster_id, description, category) values (48, 'Dragon ball Z 04: Lord Slug', '2008-02-18', 7, 'Supplement Tongue/Palate/Phar Muscle w Synth Sub, Perc Endo', 'GAME');
insert into post (id, title, added_date, original_poster_id, description, category) values (49, 'Super Hero Party Clown', '2003-05-10', 4, 'Excision of Dura Mater, Open Approach, Diagnostic', 'ANIME');
insert into post (id, title, added_date, original_poster_id, description, category) values (50, 'Highlander: Endgame (Highlander IV)', '2003-04-01', 1, 'Replacement of Right Fibula with Nonaut Sub, Open Approach', 'GAME');

insert into tag (id, content) values (1, 'Bigtax');
insert into tag (id, content) values (2, 'Subin');
insert into tag (id, content) values (3, 'Zoolab');
insert into tag (id, content) values (4, 'Toughjoyfax');
insert into tag (id, content) values (5, 'Stringtough');
insert into tag (id, content) values (6, 'Alphazap');
insert into tag (id, content) values (7, 'Tempsoft');
insert into tag (id, content) values (8, 'Pannier');
insert into tag (id, content) values (9, 'Gembucket');
insert into tag (id, content) values (10, 'Vagram');
insert into tag (id, content) values (11, 'Treeflex');
insert into tag (id, content) values (12, 'Otcom');
insert into tag (id, content) values (13, 'Y-find');
insert into tag (id, content) values (14, 'Konklux');
insert into tag (id, content) values (15, 'Bamity');
insert into tag (id, content) values (16, 'Tampflex');
insert into tag (id, content) values (17, 'Github');
insert into tag (id, content) values (18, 'Stack Overflow');
insert into tag (id, content) values (19, 'Opela');
insert into tag (id, content) values (20, 'Ronstring');
insert into tag (id, content) values (21, 'Zontrax');
insert into tag (id, content) values (22, 'Lotlux');
insert into tag (id, content) values (23, 'Mat Lam Tam');
insert into tag (id, content) values (24, 'Stronghold');
insert into tag (id, content) values (25, 'Zamit');
insert into tag (id, content) values (26, 'Zaam-Dox');
insert into tag (id, content) values (27, 'Tres-Zap');
insert into tag (id, content) values (28, 'Redhold');
insert into tag (id, content) values (29, 'Sonair');
insert into tag (id, content) values (30, 'Job');
insert into tag (id, content) values (31, 'Solarbreeze');
insert into tag (id, content) values (32, 'It');
insert into tag (id, content) values (33, 'Aerified');
insert into tag (id, content) values (34, 'Boeing');
insert into tag (id, content) values (35, 'iFinding');
insert into tag (id, content) values (36, 'Sandbox');
insert into tag (id, content) values (37, 'Telecom');
insert into tag (id, content) values (38, 'Yakson');
insert into tag (id, content) values (39, 'RubyOnRail');
insert into tag (id, content) values (40, 'DalySteel');

insert into rel_post_tag (post_id, tag_id) values (37, 25);
insert into rel_post_tag (post_id, tag_id) values (31, 1);
insert into rel_post_tag (post_id, tag_id) values (32, 24);
insert into rel_post_tag (post_id, tag_id) values (50, 18);
insert into rel_post_tag (post_id, tag_id) values (28, 8);
insert into rel_post_tag (post_id, tag_id) values (6, 26);
insert into rel_post_tag (post_id, tag_id) values (35, 2);
insert into rel_post_tag (post_id, tag_id) values (10, 38);
insert into rel_post_tag (post_id, tag_id) values (10, 7);
insert into rel_post_tag (post_id, tag_id) values (33, 17);
insert into rel_post_tag (post_id, tag_id) values (28, 6);
insert into rel_post_tag (post_id, tag_id) values (27, 33);
insert into rel_post_tag (post_id, tag_id) values (19, 23);
insert into rel_post_tag (post_id, tag_id) values (34, 39);
insert into rel_post_tag (post_id, tag_id) values (39, 15);
insert into rel_post_tag (post_id, tag_id) values (49, 37);
insert into rel_post_tag (post_id, tag_id) values (40, 21);
insert into rel_post_tag (post_id, tag_id) values (43, 17);
insert into rel_post_tag (post_id, tag_id) values (4, 16);
insert into rel_post_tag (post_id, tag_id) values (40, 34);
insert into rel_post_tag (post_id, tag_id) values (8, 36);
insert into rel_post_tag (post_id, tag_id) values (6, 27);
insert into rel_post_tag (post_id, tag_id) values (12, 32);
insert into rel_post_tag (post_id, tag_id) values (45, 7);
insert into rel_post_tag (post_id, tag_id) values (18, 33);
insert into rel_post_tag (post_id, tag_id) values (37, 8);
insert into rel_post_tag (post_id, tag_id) values (48, 29);
insert into rel_post_tag (post_id, tag_id) values (32, 22);
insert into rel_post_tag (post_id, tag_id) values (49, 2);
insert into rel_post_tag (post_id, tag_id) values (21, 1);
insert into rel_post_tag (post_id, tag_id) values (35, 32);
insert into rel_post_tag (post_id, tag_id) values (15, 15);
insert into rel_post_tag (post_id, tag_id) values (16, 23);
insert into rel_post_tag (post_id, tag_id) values (37, 39);
insert into rel_post_tag (post_id, tag_id) values (46, 31);
insert into rel_post_tag (post_id, tag_id) values (1, 9);
insert into rel_post_tag (post_id, tag_id) values (20, 22);
insert into rel_post_tag (post_id, tag_id) values (36, 25);
insert into rel_post_tag (post_id, tag_id) values (9, 27);
insert into rel_post_tag (post_id, tag_id) values (37, 6);
insert into rel_post_tag (post_id, tag_id) values (45, 28);
insert into rel_post_tag (post_id, tag_id) values (33, 14);
insert into rel_post_tag (post_id, tag_id) values (3, 5);
insert into rel_post_tag (post_id, tag_id) values (11, 39);
insert into rel_post_tag (post_id, tag_id) values (6, 13);
insert into rel_post_tag (post_id, tag_id) values (43, 4);
insert into rel_post_tag (post_id, tag_id) values (47, 37);
insert into rel_post_tag (post_id, tag_id) values (38, 19);
insert into rel_post_tag (post_id, tag_id) values (13, 24);
insert into rel_post_tag (post_id, tag_id) values (17, 23);
insert into rel_post_tag (post_id, tag_id) values (28, 38);
insert into rel_post_tag (post_id, tag_id) values (40, 23);
insert into rel_post_tag (post_id, tag_id) values (16, 28);
insert into rel_post_tag (post_id, tag_id) values (45, 32);
insert into rel_post_tag (post_id, tag_id) values (48, 25);
insert into rel_post_tag (post_id, tag_id) values (10, 3);
insert into rel_post_tag (post_id, tag_id) values (24, 35);
insert into rel_post_tag (post_id, tag_id) values (15, 26);
insert into rel_post_tag (post_id, tag_id) values (45, 14);
insert into rel_post_tag (post_id, tag_id) values (44, 12);
insert into rel_post_tag (post_id, tag_id) values (37, 9);
insert into rel_post_tag (post_id, tag_id) values (29, 26);
insert into rel_post_tag (post_id, tag_id) values (41, 26);
insert into rel_post_tag (post_id, tag_id) values (14, 14);
insert into rel_post_tag (post_id, tag_id) values (32, 9);
insert into rel_post_tag (post_id, tag_id) values (26, 13);
insert into rel_post_tag (post_id, tag_id) values (38, 29);
insert into rel_post_tag (post_id, tag_id) values (1, 32);
insert into rel_post_tag (post_id, tag_id) values (25, 5);
insert into rel_post_tag (post_id, tag_id) values (43, 34);
insert into rel_post_tag (post_id, tag_id) values (11, 18);
insert into rel_post_tag (post_id, tag_id) values (30, 7);
insert into rel_post_tag (post_id, tag_id) values (43, 23);
insert into rel_post_tag (post_id, tag_id) values (26, 31);
insert into rel_post_tag (post_id, tag_id) values (20, 24);
insert into rel_post_tag (post_id, tag_id) values (28, 13);
insert into rel_post_tag (post_id, tag_id) values (3, 3);
insert into rel_post_tag (post_id, tag_id) values (33, 22);
insert into rel_post_tag (post_id, tag_id) values (12, 7);
insert into rel_post_tag (post_id, tag_id) values (50, 25);
insert into rel_post_tag (post_id, tag_id) values (25, 14);
insert into rel_post_tag (post_id, tag_id) values (30, 30);
insert into rel_post_tag (post_id, tag_id) values (18, 24);
insert into rel_post_tag (post_id, tag_id) values (42, 31);
insert into rel_post_tag (post_id, tag_id) values (25, 27);
insert into rel_post_tag (post_id, tag_id) values (45, 31);
insert into rel_post_tag (post_id, tag_id) values (41, 9);
insert into rel_post_tag (post_id, tag_id) values (39, 38);
insert into rel_post_tag (post_id, tag_id) values (18, 31);
insert into rel_post_tag (post_id, tag_id) values (1, 20);
insert into rel_post_tag (post_id, tag_id) values (44, 22);
insert into rel_post_tag (post_id, tag_id) values (13, 3);
insert into rel_post_tag (post_id, tag_id) values (9, 21);
insert into rel_post_tag (post_id, tag_id) values (50, 36);
insert into rel_post_tag (post_id, tag_id) values (29, 12);
insert into rel_post_tag (post_id, tag_id) values (4, 26);
insert into rel_post_tag (post_id, tag_id) values (26, 6);
insert into rel_post_tag (post_id, tag_id) values (34, 12);
insert into rel_post_tag (post_id, tag_id) values (27, 4);
insert into rel_post_tag (post_id, tag_id) values (29, 33);


insert into comment (message, post_id, author_id) values ('Vestibulum rutrum rutrum neque. Aenean auctor gravida sem. Praesent id massa id nisl venenatis lacinia. Aenean sit amet justo. Morbi ut odio. Cras mi pede, malesuada in, imperdiet et, commodo vulputate, justo. In blandit ultrices enim.', 20, 4);
insert into comment (message, post_id, author_id) values ('In congue. Etiam justo. Etiam pretium iaculis justo. In hac habitasse platea dictumst. Etiam faucibus cursus urna. Ut tellus. Nulla ut erat id mauris vulputate elementum. Nullam varius. Nulla facilisi. Cras non velit nec nisi vulputate nonummy.', 23, 6);
insert into comment (message, post_id, author_id) values ('Duis bibendum, felis sed interdum venenatis, turpis enim blandit mi, in porttitor pede justo eu massa. Donec dapibus. Duis at velit eu est congue elementum. In hac habitasse platea dictumst. Morbi vestibulum, velit id pretium iaculis, diam erat fermentum justo, nec condimentum neque sapien placerat ante. Nulla justo. Aliquam quis turpis eget elit sodales scelerisque. Mauris sit amet eros.', 50, 5);
insert into comment (message, post_id, author_id) values ('Maecenas tincidunt lacus at velit. Vivamus vel nulla eget eros elementum pellentesque.', 39, 7);
insert into comment (message, post_id, author_id) values ('Donec dapibus.', 9, 7);
insert into comment (message, post_id, author_id) values ('Vestibulum ac est lacinia nisi venenatis tristique. Fusce congue, diam id ornare imperdiet, sapien urna pretium nisl, ut volutpat sapien arcu sed augue. Aliquam erat volutpat. In congue. Etiam justo. Etiam pretium iaculis justo.', 8, 5);
insert into comment (message, post_id, author_id) values ('Fusce congue, diam id ornare imperdiet, sapien urna pretium nisl, ut volutpat sapien arcu sed augue. Aliquam erat volutpat. In congue. Etiam justo.', 3, 1);
insert into comment (message, post_id, author_id) values ('Ut tellus. Nulla ut erat id mauris vulputate elementum. Nullam varius. Nulla facilisi. Cras non velit nec nisi vulputate nonummy. Maecenas tincidunt lacus at velit. Vivamus vel nulla eget eros elementum pellentesque. Quisque porta volutpat erat. Quisque erat eros, viverra eget, congue eget, semper rutrum, nulla. Nunc purus.', 16, 4);
insert into comment (message, post_id, author_id) values ('Integer ac neque. Duis bibendum. Morbi non quam nec dui luctus rutrum. Nulla tellus. In sagittis dui vel nisl. Duis ac nibh. Fusce lacus purus, aliquet at, feugiat non, pretium quis, lectus.', 49, 1);
insert into comment (message, post_id, author_id) values ('Morbi a ipsum. Integer a nibh. In quis justo. Maecenas rhoncus aliquam lacus. Morbi quis tortor id nulla ultrices aliquet. Maecenas leo odio, condimentum id, luctus nec, molestie sed, justo. Pellentesque viverra pede ac diam. Cras pellentesque volutpat dui.', 28, 1);
insert into comment (message, post_id, author_id) values ('Proin risus. Praesent lectus. Vestibulum quam sapien, varius ut, blandit non, interdum in, ante. Vestibulum ante ipsum primis in faucibus orci luctus et ultrices posuere cubilia Curae; Duis faucibus accumsan odio. Curabitur convallis. Duis consequat dui nec nisi volutpat eleifend. Donec ut dolor. Morbi vel lectus in quam fringilla rhoncus.', 49, 4);
insert into comment (message, post_id, author_id) values ('Mauris enim leo, rhoncus sed, vestibulum sit amet, cursus id, turpis. Integer aliquet, massa id lobortis convallis, tortor risus dapibus augue, vel accumsan tellus nisi eu orci.', 42, 7);
insert into comment (message, post_id, author_id) values ('Donec diam neque, vestibulum eget, vulputate ut, ultrices vel, augue. Vestibulum ante ipsum primis in faucibus orci luctus et ultrices posuere cubilia Curae; Donec pharetra, magna vestibulum aliquet ultrices, erat tortor sollicitudin mi, sit amet lobortis sapien sapien non mi. Integer ac neque. Duis bibendum. Morbi non quam nec dui luctus rutrum. Nulla tellus. In sagittis dui vel nisl.', 26, 4);
insert into comment (message, post_id, author_id) values ('Vestibulum ante ipsum primis in faucibus orci luctus et ultrices posuere cubilia Curae; Mauris viverra diam vitae quam. Suspendisse potenti. Nullam porttitor lacus at turpis. Donec posuere metus vitae ipsum. Aliquam non mauris. Morbi non lectus.', 9, 5);
insert into comment (message, post_id, author_id) values ('Etiam vel augue. Vestibulum rutrum rutrum neque.', 46, 4);
insert into comment (message, post_id, author_id) values ('In hac habitasse platea dictumst. Aliquam augue quam, sollicitudin vitae, consectetuer eget, rutrum at, lorem. Integer tincidunt ante vel ipsum.', 40, 7);
insert into comment (message, post_id, author_id) values ('Curabitur in libero ut massa volutpat convallis. Morbi odio odio, elementum eu, interdum eu, tincidunt in, leo. Maecenas pulvinar lobortis est. Phasellus sit amet erat. Nulla tempus. Vivamus in felis eu sapien cursus vestibulum. Proin eu mi. Nulla ac enim. In tempor, turpis nec euismod scelerisque, quam turpis adipiscing lorem, vitae mattis nibh ligula nec sem. Duis aliquam convallis nunc.', 14, 2);
insert into comment (message, post_id, author_id) values ('Suspendisse potenti.', 44, 2);
insert into comment (message, post_id, author_id) values ('Sed accumsan felis. Ut at dolor quis odio consequat varius.', 16, 4);
insert into comment (message, post_id, author_id) values ('Nulla facilisi. Cras non velit nec nisi vulputate nonummy. Maecenas tincidunt lacus at velit. Vivamus vel nulla eget eros elementum pellentesque. Quisque porta volutpat erat. Quisque erat eros, viverra eget, congue eget, semper rutrum, nulla. Nunc purus. Phasellus in felis.', 49, 6);
insert into comment (message, post_id, author_id) values ('Morbi a ipsum. Integer a nibh. In quis justo. Maecenas rhoncus aliquam lacus. Morbi quis tortor id nulla ultrices aliquet. Maecenas leo odio, condimentum id, luctus nec, molestie sed, justo. Pellentesque viverra pede ac diam. Cras pellentesque volutpat dui. Maecenas tristique, est et tempus semper, est quam pharetra magna, ac consequat metus sapien ut nunc. Vestibulum ante ipsum primis in faucibus orci luctus et ultrices posuere cubilia Curae; Mauris viverra diam vitae quam.', 31, 6);
insert into comment (message, post_id, author_id) values ('Cum sociis natoque penatibus et magnis dis parturient montes, nascetur ridiculus mus. Etiam vel augue. Vestibulum rutrum rutrum neque. Aenean auctor gravida sem. Praesent id massa id nisl venenatis lacinia. Aenean sit amet justo. Morbi ut odio. Cras mi pede, malesuada in, imperdiet et, commodo vulputate, justo. In blandit ultrices enim.', 2, 2);
insert into comment (message, post_id, author_id) values ('Proin risus. Praesent lectus.', 4, 6);
insert into comment (message, post_id, author_id) values ('Phasellus sit amet erat.', 2, 2);
insert into comment (message, post_id, author_id) values ('Morbi sem mauris, laoreet ut, rhoncus aliquet, pulvinar sed, nisl. Nunc rhoncus dui vel sem. Sed sagittis. Nam congue, risus semper porta volutpat, quam pede lobortis ligula, sit amet eleifend pede libero quis orci. Nullam molestie nibh in lectus. Pellentesque at nulla. Suspendisse potenti. Cras in purus eu magna vulputate luctus. Cum sociis natoque penatibus et magnis dis parturient montes, nascetur ridiculus mus.', 31, 6);
insert into comment (message, post_id, author_id) values ('Aliquam non mauris. Morbi non lectus. Aliquam sit amet diam in magna bibendum imperdiet. Nullam orci pede, venenatis non, sodales sed, tincidunt eu, felis. Fusce posuere felis sed lacus. Morbi sem mauris, laoreet ut, rhoncus aliquet, pulvinar sed, nisl. Nunc rhoncus dui vel sem. Sed sagittis. Nam congue, risus semper porta volutpat, quam pede lobortis ligula, sit amet eleifend pede libero quis orci. Nullam molestie nibh in lectus.', 18, 5);
insert into comment (message, post_id, author_id) values ('Praesent blandit lacinia erat. Vestibulum sed magna at nunc commodo placerat. Praesent blandit. Nam nulla. Integer pede justo, lacinia eget, tincidunt eget, tempus vel, pede. Morbi porttitor lorem id ligula. Suspendisse ornare consequat lectus.', 44, 7);
insert into comment (message, post_id, author_id) values ('Morbi non lectus. Aliquam sit amet diam in magna bibendum imperdiet. Nullam orci pede, venenatis non, sodales sed, tincidunt eu, felis. Fusce posuere felis sed lacus. Morbi sem mauris, laoreet ut, rhoncus aliquet, pulvinar sed, nisl. Nunc rhoncus dui vel sem. Sed sagittis. Nam congue, risus semper porta volutpat, quam pede lobortis ligula, sit amet eleifend pede libero quis orci.', 1, 2);
insert into comment (message, post_id, author_id) values ('Vestibulum sed magna at nunc commodo placerat. Praesent blandit.', 40, 1);
insert into comment (message, post_id, author_id) values ('Nam congue, risus semper porta volutpat, quam pede lobortis ligula, sit amet eleifend pede libero quis orci. Nullam molestie nibh in lectus. Pellentesque at nulla. Suspendisse potenti. Cras in purus eu magna vulputate luctus. Cum sociis natoque penatibus et magnis dis parturient montes, nascetur ridiculus mus. Vivamus vestibulum sagittis sapien. Cum sociis natoque penatibus et magnis dis parturient montes, nascetur ridiculus mus. Etiam vel augue.', 10, 2);
insert into comment (message, post_id, author_id) values ('Donec semper sapien a libero. Nam dui. Proin leo odio, porttitor id, consequat in, consequat ut, nulla. Sed accumsan felis. Ut at dolor quis odio consequat varius. Integer ac leo. Pellentesque ultrices mattis odio. Donec vitae nisi. Nam ultrices, libero non mattis pulvinar, nulla pede ullamcorper augue, a suscipit nulla elit ac nulla.', 12, 1);
insert into comment (message, post_id, author_id) values ('In sagittis dui vel nisl. Duis ac nibh. Fusce lacus purus, aliquet at, feugiat non, pretium quis, lectus. Suspendisse potenti.', 14, 6);
insert into comment (message, post_id, author_id) values ('Quisque ut erat. Curabitur gravida nisi at nibh. In hac habitasse platea dictumst. Aliquam augue quam, sollicitudin vitae, consectetuer eget, rutrum at, lorem. Integer tincidunt ante vel ipsum. Praesent blandit lacinia erat. Vestibulum sed magna at nunc commodo placerat.', 28, 3);
insert into comment (message, post_id, author_id) values ('Ut at dolor quis odio consequat varius. Integer ac leo.', 1, 6);
insert into comment (message, post_id, author_id) values ('Etiam justo. Etiam pretium iaculis justo. In hac habitasse platea dictumst.', 41, 7);
insert into comment (message, post_id, author_id) values ('Etiam vel augue. Vestibulum rutrum rutrum neque.', 49, 2);
insert into comment (message, post_id, author_id) values ('Maecenas tincidunt lacus at velit. Vivamus vel nulla eget eros elementum pellentesque. Quisque porta volutpat erat. Quisque erat eros, viverra eget, congue eget, semper rutrum, nulla. Nunc purus.', 46, 7);
insert into comment (message, post_id, author_id) values ('Lorem ipsum dolor sit amet, consectetuer adipiscing elit. Proin risus. Praesent lectus. Vestibulum quam sapien, varius ut, blandit non, interdum in, ante. Vestibulum ante ipsum primis in faucibus orci luctus et ultrices posuere cubilia Curae; Duis faucibus accumsan odio. Curabitur convallis. Duis consequat dui nec nisi volutpat eleifend. Donec ut dolor. Morbi vel lectus in quam fringilla rhoncus.', 36, 5);
insert into comment (message, post_id, author_id) values ('Nunc purus. Phasellus in felis. Donec semper sapien a libero. Nam dui. Proin leo odio, porttitor id, consequat in, consequat ut, nulla. Sed accumsan felis.', 17, 1);
insert into comment (message, post_id, author_id) values ('Nam dui. Proin leo odio, porttitor id, consequat in, consequat ut, nulla. Sed accumsan felis. Ut at dolor quis odio consequat varius. Integer ac leo. Pellentesque ultrices mattis odio.', 5, 7);
insert into comment (message, post_id, author_id) values ('Integer ac neque. Duis bibendum. Morbi non quam nec dui luctus rutrum. Nulla tellus. In sagittis dui vel nisl. Duis ac nibh. Fusce lacus purus, aliquet at, feugiat non, pretium quis, lectus. Suspendisse potenti. In eleifend quam a odio.', 2, 3);
insert into comment (message, post_id, author_id) values ('Donec semper sapien a libero. Nam dui. Proin leo odio, porttitor id, consequat in, consequat ut, nulla. Sed accumsan felis. Ut at dolor quis odio consequat varius. Integer ac leo. Pellentesque ultrices mattis odio. Donec vitae nisi. Nam ultrices, libero non mattis pulvinar, nulla pede ullamcorper augue, a suscipit nulla elit ac nulla. Sed vel enim sit amet nunc viverra dapibus.', 12, 6);
insert into comment (message, post_id, author_id) values ('In sagittis dui vel nisl. Duis ac nibh. Fusce lacus purus, aliquet at, feugiat non, pretium quis, lectus. Suspendisse potenti. In eleifend quam a odio. In hac habitasse platea dictumst. Maecenas ut massa quis augue luctus tincidunt. Nulla mollis molestie lorem. Quisque ut erat.', 11, 4);
insert into comment (message, post_id, author_id) values ('Etiam pretium iaculis justo. In hac habitasse platea dictumst.', 44, 3);
insert into comment (message, post_id, author_id) values ('Etiam faucibus cursus urna. Ut tellus. Nulla ut erat id mauris vulputate elementum. Nullam varius. Nulla facilisi. Cras non velit nec nisi vulputate nonummy. Maecenas tincidunt lacus at velit. Vivamus vel nulla eget eros elementum pellentesque.', 26, 4);
insert into comment (message, post_id, author_id) values ('Nulla mollis molestie lorem. Quisque ut erat. Curabitur gravida nisi at nibh. In hac habitasse platea dictumst. Aliquam augue quam, sollicitudin vitae, consectetuer eget, rutrum at, lorem. Integer tincidunt ante vel ipsum. Praesent blandit lacinia erat. Vestibulum sed magna at nunc commodo placerat. Praesent blandit. Nam nulla.', 41, 6);
insert into comment (message, post_id, author_id) values ('Nullam porttitor lacus at turpis. Donec posuere metus vitae ipsum. Aliquam non mauris. Morbi non lectus. Aliquam sit amet diam in magna bibendum imperdiet. Nullam orci pede, venenatis non, sodales sed, tincidunt eu, felis. Fusce posuere felis sed lacus. Morbi sem mauris, laoreet ut, rhoncus aliquet, pulvinar sed, nisl. Nunc rhoncus dui vel sem. Sed sagittis.', 36, 3);
insert into comment (message, post_id, author_id) values ('Vivamus vel nulla eget eros elementum pellentesque. Quisque porta volutpat erat. Quisque erat eros, viverra eget, congue eget, semper rutrum, nulla. Nunc purus. Phasellus in felis. Donec semper sapien a libero. Nam dui. Proin leo odio, porttitor id, consequat in, consequat ut, nulla. Sed accumsan felis.', 3, 3);
insert into comment (message, post_id, author_id) values ('Donec odio justo, sollicitudin ut, suscipit a, feugiat et, eros. Vestibulum ac est lacinia nisi venenatis tristique. Fusce congue, diam id ornare imperdiet, sapien urna pretium nisl, ut volutpat sapien arcu sed augue. Aliquam erat volutpat. In congue. Etiam justo. Etiam pretium iaculis justo. In hac habitasse platea dictumst. Etiam faucibus cursus urna. Ut tellus.', 6, 2);
insert into comment (message, post_id, author_id) values ('Vestibulum sed magna at nunc commodo placerat. Praesent blandit. Nam nulla.', 13, 3);
insert into comment (message, post_id, author_id) values ('In sagittis dui vel nisl. Duis ac nibh. Fusce lacus purus, aliquet at, feugiat non, pretium quis, lectus.', 47, 1);
insert into comment (message, post_id, author_id) values ('Morbi non lectus. Aliquam sit amet diam in magna bibendum imperdiet. Nullam orci pede, venenatis non, sodales sed, tincidunt eu, felis. Fusce posuere felis sed lacus. Morbi sem mauris, laoreet ut, rhoncus aliquet, pulvinar sed, nisl.', 8, 1);
insert into comment (message, post_id, author_id) values ('Suspendisse potenti. Cras in purus eu magna vulputate luctus. Cum sociis natoque penatibus et magnis dis parturient montes, nascetur ridiculus mus. Vivamus vestibulum sagittis sapien. Cum sociis natoque penatibus et magnis dis parturient montes, nascetur ridiculus mus. Etiam vel augue. Vestibulum rutrum rutrum neque. Aenean auctor gravida sem. Praesent id massa id nisl venenatis lacinia.', 42, 4);
insert into comment (message, post_id, author_id) values ('Mauris enim leo, rhoncus sed, vestibulum sit amet, cursus id, turpis. Integer aliquet, massa id lobortis convallis, tortor risus dapibus augue, vel accumsan tellus nisi eu orci. Mauris lacinia sapien quis libero. Nullam sit amet turpis elementum ligula vehicula consequat.', 28, 1);
insert into comment (message, post_id, author_id) values ('Quisque ut erat. Curabitur gravida nisi at nibh. In hac habitasse platea dictumst. Aliquam augue quam, sollicitudin vitae, consectetuer eget, rutrum at, lorem. Integer tincidunt ante vel ipsum. Praesent blandit lacinia erat.', 42, 6);
insert into comment (message, post_id, author_id) values ('Cum sociis natoque penatibus et magnis dis parturient montes, nascetur ridiculus mus. Etiam vel augue. Vestibulum rutrum rutrum neque. Aenean auctor gravida sem. Praesent id massa id nisl venenatis lacinia.', 18, 3);
insert into comment (message, post_id, author_id) values ('Morbi a ipsum. Integer a nibh. In quis justo. Maecenas rhoncus aliquam lacus. Morbi quis tortor id nulla ultrices aliquet.', 8, 3);
insert into comment (message, post_id, author_id) values ('Nunc purus. Phasellus in felis. Donec semper sapien a libero. Nam dui.', 2, 5);
insert into comment (message, post_id, author_id) values ('Morbi quis tortor id nulla ultrices aliquet. Maecenas leo odio, condimentum id, luctus nec, molestie sed, justo. Pellentesque viverra pede ac diam. Cras pellentesque volutpat dui. Maecenas tristique, est et tempus semper, est quam pharetra magna, ac consequat metus sapien ut nunc. Vestibulum ante ipsum primis in faucibus orci luctus et ultrices posuere cubilia Curae; Mauris viverra diam vitae quam. Suspendisse potenti. Nullam porttitor lacus at turpis.', 25, 5);
insert into comment (message, post_id, author_id) values ('Morbi sem mauris, laoreet ut, rhoncus aliquet, pulvinar sed, nisl. Nunc rhoncus dui vel sem. Sed sagittis.', 17, 3);
insert into comment (message, post_id, author_id) values ('Nullam orci pede, venenatis non, sodales sed, tincidunt eu, felis. Fusce posuere felis sed lacus. Morbi sem mauris, laoreet ut, rhoncus aliquet, pulvinar sed, nisl. Nunc rhoncus dui vel sem. Sed sagittis. Nam congue, risus semper porta volutpat, quam pede lobortis ligula, sit amet eleifend pede libero quis orci.', 45, 1);
insert into comment (message, post_id, author_id) values ('Nulla mollis molestie lorem.', 11, 2);
insert into comment (message, post_id, author_id) values ('Phasellus id sapien in sapien iaculis congue. Vivamus metus arcu, adipiscing molestie, hendrerit at, vulputate vitae, nisl.', 6, 2);
insert into comment (message, post_id, author_id) values ('Proin risus. Praesent lectus. Vestibulum quam sapien, varius ut, blandit non, interdum in, ante. Vestibulum ante ipsum primis in faucibus orci luctus et ultrices posuere cubilia Curae; Duis faucibus accumsan odio. Curabitur convallis. Duis consequat dui nec nisi volutpat eleifend.', 27, 7);
insert into comment (message, post_id, author_id) values ('Nullam molestie nibh in lectus. Pellentesque at nulla.', 18, 1);
insert into comment (message, post_id, author_id) values ('Mauris enim leo, rhoncus sed, vestibulum sit amet, cursus id, turpis. Integer aliquet, massa id lobortis convallis, tortor risus dapibus augue, vel accumsan tellus nisi eu orci. Mauris lacinia sapien quis libero. Nullam sit amet turpis elementum ligula vehicula consequat.', 11, 4);
insert into comment (message, post_id, author_id) values ('Vivamus vel nulla eget eros elementum pellentesque. Quisque porta volutpat erat. Quisque erat eros, viverra eget, congue eget, semper rutrum, nulla. Nunc purus. Phasellus in felis. Donec semper sapien a libero. Nam dui. Proin leo odio, porttitor id, consequat in, consequat ut, nulla.', 38, 6);
insert into comment (message, post_id, author_id) values ('Integer non velit. Donec diam neque, vestibulum eget, vulputate ut, ultrices vel, augue. Vestibulum ante ipsum primis in faucibus orci luctus et ultrices posuere cubilia Curae; Donec pharetra, magna vestibulum aliquet ultrices, erat tortor sollicitudin mi, sit amet lobortis sapien sapien non mi. Integer ac neque. Duis bibendum.', 27, 5);
insert into comment (message, post_id, author_id) values ('Donec vitae nisi. Nam ultrices, libero non mattis pulvinar, nulla pede ullamcorper augue, a suscipit nulla elit ac nulla. Sed vel enim sit amet nunc viverra dapibus. Nulla suscipit ligula in lacus. Curabitur at ipsum ac tellus semper interdum. Mauris ullamcorper purus sit amet nulla. Quisque arcu libero, rutrum ac, lobortis vel, dapibus at, diam.', 37, 4);
insert into comment (message, post_id, author_id) values ('Integer pede justo, lacinia eget, tincidunt eget, tempus vel, pede. Morbi porttitor lorem id ligula. Suspendisse ornare consequat lectus. In est risus, auctor sed, tristique in, tempus sit amet, sem.', 6, 4);
insert into comment (message, post_id, author_id) values ('Suspendisse potenti. Cras in purus eu magna vulputate luctus. Cum sociis natoque penatibus et magnis dis parturient montes, nascetur ridiculus mus. Vivamus vestibulum sagittis sapien. Cum sociis natoque penatibus et magnis dis parturient montes, nascetur ridiculus mus. Etiam vel augue. Vestibulum rutrum rutrum neque. Aenean auctor gravida sem. Praesent id massa id nisl venenatis lacinia. Aenean sit amet justo.', 4, 7);
insert into comment (message, post_id, author_id) values ('Lorem ipsum dolor sit amet, consectetuer adipiscing elit. Proin risus. Praesent lectus.', 37, 5);
insert into comment (message, post_id, author_id) values ('Integer pede justo, lacinia eget, tincidunt eget, tempus vel, pede. Morbi porttitor lorem id ligula.', 4, 1);
insert into comment (message, post_id, author_id) values ('Praesent blandit. Nam nulla. Integer pede justo, lacinia eget, tincidunt eget, tempus vel, pede. Morbi porttitor lorem id ligula. Suspendisse ornare consequat lectus. In est risus, auctor sed, tristique in, tempus sit amet, sem. Fusce consequat. Nulla nisl. Nunc nisl.', 41, 3);
insert into comment (message, post_id, author_id) values ('Maecenas tincidunt lacus at velit. Vivamus vel nulla eget eros elementum pellentesque. Quisque porta volutpat erat.', 19, 6);
insert into comment (message, post_id, author_id) values ('Duis mattis egestas metus. Aenean fermentum. Donec ut mauris eget massa tempor convallis. Nulla neque libero, convallis eget, eleifend luctus, ultricies eu, nibh. Quisque id justo sit amet sapien dignissim vestibulum. Vestibulum ante ipsum primis in faucibus orci luctus et ultrices posuere cubilia Curae; Nulla dapibus dolor vel est. Donec odio justo, sollicitudin ut, suscipit a, feugiat et, eros.', 20, 6);
insert into comment (message, post_id, author_id) values ('Quisque erat eros, viverra eget, congue eget, semper rutrum, nulla. Nunc purus. Phasellus in felis. Donec semper sapien a libero. Nam dui.', 42, 1);
insert into comment (message, post_id, author_id) values ('Proin interdum mauris non ligula pellentesque ultrices. Phasellus id sapien in sapien iaculis congue. Vivamus metus arcu, adipiscing molestie, hendrerit at, vulputate vitae, nisl. Aenean lectus. Pellentesque eget nunc. Donec quis orci eget orci vehicula condimentum. Curabitur in libero ut massa volutpat convallis. Morbi odio odio, elementum eu, interdum eu, tincidunt in, leo. Maecenas pulvinar lobortis est.', 4, 7);
insert into comment (message, post_id, author_id) values ('Morbi vestibulum, velit id pretium iaculis, diam erat fermentum justo, nec condimentum neque sapien placerat ante. Nulla justo. Aliquam quis turpis eget elit sodales scelerisque. Mauris sit amet eros. Suspendisse accumsan tortor quis turpis. Sed ante. Vivamus tortor. Duis mattis egestas metus.', 17, 2);
insert into comment (message, post_id, author_id) values ('In quis justo. Maecenas rhoncus aliquam lacus. Morbi quis tortor id nulla ultrices aliquet. Maecenas leo odio, condimentum id, luctus nec, molestie sed, justo. Pellentesque viverra pede ac diam. Cras pellentesque volutpat dui. Maecenas tristique, est et tempus semper, est quam pharetra magna, ac consequat metus sapien ut nunc. Vestibulum ante ipsum primis in faucibus orci luctus et ultrices posuere cubilia Curae; Mauris viverra diam vitae quam. Suspendisse potenti. Nullam porttitor lacus at turpis.', 6, 6);
insert into comment (message, post_id, author_id) values ('Nulla suscipit ligula in lacus.', 16, 1);
insert into comment (message, post_id, author_id) values ('Donec ut dolor. Morbi vel lectus in quam fringilla rhoncus. Mauris enim leo, rhoncus sed, vestibulum sit amet, cursus id, turpis. Integer aliquet, massa id lobortis convallis, tortor risus dapibus augue, vel accumsan tellus nisi eu orci. Mauris lacinia sapien quis libero. Nullam sit amet turpis elementum ligula vehicula consequat. Morbi a ipsum.', 4, 2);
insert into comment (message, post_id, author_id) values ('Donec vitae nisi. Nam ultrices, libero non mattis pulvinar, nulla pede ullamcorper augue, a suscipit nulla elit ac nulla. Sed vel enim sit amet nunc viverra dapibus. Nulla suscipit ligula in lacus. Curabitur at ipsum ac tellus semper interdum. Mauris ullamcorper purus sit amet nulla.', 11, 2);
insert into comment (message, post_id, author_id) values ('Vestibulum ante ipsum primis in faucibus orci luctus et ultrices posuere cubilia Curae; Donec pharetra, magna vestibulum aliquet ultrices, erat tortor sollicitudin mi, sit amet lobortis sapien sapien non mi. Integer ac neque. Duis bibendum. Morbi non quam nec dui luctus rutrum. Nulla tellus.', 5, 3);
insert into comment (message, post_id, author_id) values ('Vivamus metus arcu, adipiscing molestie, hendrerit at, vulputate vitae, nisl. Aenean lectus.', 13, 6);
insert into comment (message, post_id, author_id) values ('Morbi non quam nec dui luctus rutrum. Nulla tellus. In sagittis dui vel nisl. Duis ac nibh. Fusce lacus purus, aliquet at, feugiat non, pretium quis, lectus.', 50, 5);
insert into comment (message, post_id, author_id) values ('Duis aliquam convallis nunc. Proin at turpis a pede posuere nonummy. Integer non velit. Donec diam neque, vestibulum eget, vulputate ut, ultrices vel, augue. Vestibulum ante ipsum primis in faucibus orci luctus et ultrices posuere cubilia Curae; Donec pharetra, magna vestibulum aliquet ultrices, erat tortor sollicitudin mi, sit amet lobortis sapien sapien non mi. Integer ac neque. Duis bibendum. Morbi non quam nec dui luctus rutrum. Nulla tellus. In sagittis dui vel nisl.', 13, 4);
insert into comment (message, post_id, author_id) values ('Aenean auctor gravida sem. Praesent id massa id nisl venenatis lacinia. Aenean sit amet justo. Morbi ut odio. Cras mi pede, malesuada in, imperdiet et, commodo vulputate, justo. In blandit ultrices enim. Lorem ipsum dolor sit amet, consectetuer adipiscing elit. Proin interdum mauris non ligula pellentesque ultrices. Phasellus id sapien in sapien iaculis congue.', 23, 7);
insert into comment (message, post_id, author_id) values ('Integer aliquet, massa id lobortis convallis, tortor risus dapibus augue, vel accumsan tellus nisi eu orci. Mauris lacinia sapien quis libero. Nullam sit amet turpis elementum ligula vehicula consequat.', 4, 2);
insert into comment (message, post_id, author_id) values ('Proin at turpis a pede posuere nonummy. Integer non velit. Donec diam neque, vestibulum eget, vulputate ut, ultrices vel, augue. Vestibulum ante ipsum primis in faucibus orci luctus et ultrices posuere cubilia Curae; Donec pharetra, magna vestibulum aliquet ultrices, erat tortor sollicitudin mi, sit amet lobortis sapien sapien non mi. Integer ac neque. Duis bibendum. Morbi non quam nec dui luctus rutrum. Nulla tellus.', 19, 4);
insert into comment (message, post_id, author_id) values ('Vestibulum rutrum rutrum neque. Aenean auctor gravida sem.', 19, 7);
insert into comment (message, post_id, author_id) values ('Morbi ut odio. Cras mi pede, malesuada in, imperdiet et, commodo vulputate, justo. In blandit ultrices enim. Lorem ipsum dolor sit amet, consectetuer adipiscing elit. Proin interdum mauris non ligula pellentesque ultrices. Phasellus id sapien in sapien iaculis congue. Vivamus metus arcu, adipiscing molestie, hendrerit at, vulputate vitae, nisl.', 25, 5);
insert into comment (message, post_id, author_id) values ('Quisque id justo sit amet sapien dignissim vestibulum. Vestibulum ante ipsum primis in faucibus orci luctus et ultrices posuere cubilia Curae; Nulla dapibus dolor vel est. Donec odio justo, sollicitudin ut, suscipit a, feugiat et, eros. Vestibulum ac est lacinia nisi venenatis tristique.', 31, 4);
insert into comment (message, post_id, author_id) values ('Nunc rhoncus dui vel sem. Sed sagittis. Nam congue, risus semper porta volutpat, quam pede lobortis ligula, sit amet eleifend pede libero quis orci. Nullam molestie nibh in lectus. Pellentesque at nulla. Suspendisse potenti. Cras in purus eu magna vulputate luctus. Cum sociis natoque penatibus et magnis dis parturient montes, nascetur ridiculus mus. Vivamus vestibulum sagittis sapien.', 33, 5);
insert into comment (message, post_id, author_id) values ('Lorem ipsum dolor sit amet, consectetuer adipiscing elit. Proin interdum mauris non ligula pellentesque ultrices. Phasellus id sapien in sapien iaculis congue. Vivamus metus arcu, adipiscing molestie, hendrerit at, vulputate vitae, nisl. Aenean lectus. Pellentesque eget nunc. Donec quis orci eget orci vehicula condimentum.', 30, 3);
insert into comment (message, post_id, author_id) values ('Suspendisse potenti. Cras in purus eu magna vulputate luctus. Cum sociis natoque penatibus et magnis dis parturient montes, nascetur ridiculus mus. Vivamus vestibulum sagittis sapien. Cum sociis natoque penatibus et magnis dis parturient montes, nascetur ridiculus mus. Etiam vel augue. Vestibulum rutrum rutrum neque. Aenean auctor gravida sem. Praesent id massa id nisl venenatis lacinia. Aenean sit amet justo.', 42, 2);
insert into comment (message, post_id, author_id) values ('Praesent blandit lacinia erat. Vestibulum sed magna at nunc commodo placerat. Praesent blandit. Nam nulla. Integer pede justo, lacinia eget, tincidunt eget, tempus vel, pede. Morbi porttitor lorem id ligula. Suspendisse ornare consequat lectus.', 37, 5);
insert into comment (message, post_id, author_id) values ('In tempor, turpis nec euismod scelerisque, quam turpis adipiscing lorem, vitae mattis nibh ligula nec sem. Duis aliquam convallis nunc.', 34, 2);
insert into comment (message, post_id, author_id) values ('Nulla ut erat id mauris vulputate elementum. Nullam varius. Nulla facilisi. Cras non velit nec nisi vulputate nonummy. Maecenas tincidunt lacus at velit. Vivamus vel nulla eget eros elementum pellentesque. Quisque porta volutpat erat. Quisque erat eros, viverra eget, congue eget, semper rutrum, nulla. Nunc purus. Phasellus in felis.', 36, 1);
insert into comment (message, post_id, author_id) values ('Duis ac nibh. Fusce lacus purus, aliquet at, feugiat non, pretium quis, lectus. Suspendisse potenti. In eleifend quam a odio. In hac habitasse platea dictumst. Maecenas ut massa quis augue luctus tincidunt. Nulla mollis molestie lorem. Quisque ut erat. Curabitur gravida nisi at nibh.', 47, 5);
